{"cameraMode":{"drawMode":0,"name":"Shaded","section":"Shading Mode"},"sceneLighting":false,"audioPlay":false,"sceneViewState":{"m_AlwaysRefresh":false,"showFog":true,"showSkybox":false,"showFlares":true,"showImageEffects":true,"showParticleSystems":true,"showVisualEffectGraphs":true,"m_FxEnabled":true},"in2DMode":false,"pivot":{"x":-0.025347650051116945,"y":2.1459922790527345,"z":0.08290904760360718},"rotation":{"x":-0.03540968522429466,"y":0.005707466043531895,"z":-0.00022744914167560637,"w":-0.9995906949043274},"size":2.385944366455078,"orthographic":false}