{"cameraMode":{"drawMode":0,"name":"Shaded","section":"Shading Mode"},"sceneLighting":true,"audioPlay":false,"sceneViewState":{"m_AlwaysRefresh":false,"showFog":true,"showSkybox":true,"showFlares":true,"showImageEffects":true,"showParticleSystems":true,"showVisualEffectGraphs":true,"m_FxEnabled":true},"in2DMode":false,"pivot":{"x":0.9016590714454651,"y":2.2576019763946535,"z":1.2345874309539796},"rotation":{"x":-0.03540968522429466,"y":0.005707466043531895,"z":-0.00022744914167560637,"w":-0.9995906949043274},"size":8.168585777282715,"orthographic":false}