{"cameraMode":{"drawMode":0,"name":"Shaded","section":"Shading Mode"},"sceneLighting":false,"audioPlay":false,"sceneViewState":{"m_AlwaysRefresh":false,"showFog":true,"showSkybox":false,"showFlares":true,"showImageEffects":true,"showParticleSystems":true,"showVisualEffectGraphs":true,"m_FxEnabled":true},"in2DMode":false,"pivot":{"x":0.10726896673440933,"y":0.08400280773639679,"z":-0.02433362603187561},"rotation":{"x":-0.130585715174675,"y":-0.15547683835029603,"z":0.020739231258630754,"w":-0.9789565801620483},"size":0.24234050512313844,"orthographic":false}