{"cameraMode":{"drawMode":0,"name":"Shaded","section":"Shading Mode"},"sceneLighting":false,"audioPlay":false,"sceneViewState":{"m_AlwaysRefresh":false,"showFog":true,"showSkybox":false,"showFlares":true,"showImageEffects":true,"showParticleSystems":true,"showVisualEffectGraphs":true,"m_FxEnabled":true},"in2DMode":false,"pivot":{"x":3.3321542739868166,"y":5.676158428192139,"z":0.9637546539306641},"rotation":{"x":0.11064710468053818,"y":-0.15293434262275697,"z":0.017248788848519326,"w":0.9819519519805908},"size":15.529693603515625,"orthographic":false}