{"cameraMode":{"drawMode":0,"name":"Shaded","section":"Shading Mode"},"sceneLighting":false,"audioPlay":false,"sceneViewState":{"m_AlwaysRefresh":false,"showFog":true,"showSkybox":false,"showFlares":true,"showImageEffects":true,"showParticleSystems":true,"showVisualEffectGraphs":true,"m_FxEnabled":true},"in2DMode":false,"pivot":{"x":-0.025347650051116945,"y":2.1459922790527345,"z":0.08290904760360718},"rotation":{"x":0.04669976606965065,"y":-0.17029114067554475,"z":0.008094383403658867,"w":0.9843355417251587},"size":2.38594388961792,"orthographic":false}