{"cameraMode":{"drawMode":0,"name":"Shaded","section":"Shading Mode"},"sceneLighting":false,"audioPlay":false,"sceneViewState":{"m_AlwaysRefresh":false,"showFog":true,"showSkybox":false,"showFlares":true,"showImageEffects":true,"showParticleSystems":true,"showVisualEffectGraphs":true,"m_FxEnabled":true},"in2DMode":false,"pivot":{"x":-0.025347650051116945,"y":2.1459922790527345,"z":0.08290904760360718},"rotation":{"x":0.11064710468053818,"y":-0.15293434262275697,"z":0.017248788848519326,"w":0.9819519519805908},"size":0.8660253882408142,"orthographic":false}